Candidate,Polling,Pollster,Nationwide,State,Sample_Size,Voter_Type,DMY,Link
"Kamala Harris",33.00,"Echelon Insights",1,NULL,499,"Registered Voters",2024-01-16,https://x.com/Politics_Polls/status/1749632663122505993?s=20
"Josh Shapiro",2.00,"Echelon Insights",1,NULL,499,"Registered Voters",2024-01-16,https://x.com/Politics_Polls/status/1749632663122505993?s=20
"Gavin Newsom",11.00,"Echelon Insights",1,NULL,499,"Registered Voters",2024-01-16,https://x.com/Politics_Polls/status/1749632663122505993?s=20
"Gretchen Whitmer",3.00,"Echelon Insights",1,NULL,499,"Registered Voters",2024-01-16,https://x.com/Politics_Polls/status/1749632663122505993?s=20
"Pete Buttigieg",13.00,"Echelon Insights",1,NULL,499,"Registered Voters",2024-01-16,https://x.com/Politics_Polls/status/1749632663122505993?s=20
"Andy Beshear",1.00,"Echelon Insights",1,NULL,499,"Registered Voters",2024-01-16,https://x.com/Politics_Polls/status/1749632663122505993?s=20
"J.B. Pritzker",3.00,"Echelon Insights",1,NULL,499,"Registered Voters",2024-01-16,https://x.com/Politics_Polls/status/1749632663122505993?s=20
"Raphael Warnock",2.00,"Echelon Insights",1,NULL,499,"Registered Voters",2024-01-16,https://x.com/Politics_Polls/status/1749632663122505993?s=20
"Kamala Harris",21.00,"Morning Consult",1,NULL,3997,"Registered Voters",2024-05-28,https://www.politico.com/f/?id=0000018f-f8f8-d844-a1ff-fffed00f0000
"Gavin Newsom",10.00,"Morning Consult",1,NULL,3997,"Registered Voters",2024-05-28,https://www.politico.com/f/?id=0000018f-f8f8-d844-a1ff-fffed00f0000
"Josh Shapiro",3.00,"Morning Consult",1,NULL,3997,"Registered Voters",2024-05-28,https://www.politico.com/f/?id=0000018f-f8f8-d844-a1ff-fffed00f0000
"Pete Buttigieg",10.00,"Morning Consult",1,NULL,3997,"Registered Voters",2024-05-28,https://www.politico.com/f/?id=0000018f-f8f8-d844-a1ff-fffed00f0000
"Gretchen Whitmer",4.00,"Morning Consult",1,NULL,3997,"Registered Voters",2024-05-28,https://www.politico.com/f/?id=0000018f-f8f8-d844-a1ff-fffed00f0000
"Mark Kelly",4.00,"Morning Consult",1,NULL,3997,"Registered Voters",2024-05-28,https://www.politico.com/f/?id=0000018f-f8f8-d844-a1ff-fffed00f0000
"Kamala Harris",43.00,"Morning Consult",1,NULL,1012,"Registered Voters",2024-11-15,https://pro.morningconsult.com/analysis/kamala-harris-2028-democratic-primary-polling-november-2024
"Gavin Newsom",8.00,"Morning Consult",1,NULL,1012,"Registered Voters",2024-11-15,https://pro.morningconsult.com/analysis/kamala-harris-2028-democratic-primary-polling-november-2024
"Josh Shapiro",5.00,"Morning Consult",1,NULL,1012,"Registered Voters",2024-11-15,https://pro.morningconsult.com/analysis/kamala-harris-2028-democratic-primary-polling-november-2024
"Pete Buttigieg",9.00,"Morning Consult",1,NULL,1012,"Registered Voters",2024-11-15,https://pro.morningconsult.com/analysis/kamala-harris-2028-democratic-primary-polling-november-2024
"Gretchen Whitmer",3.00,"Morning Consult",1,NULL,1012,"Registered Voters",2024-11-15,https://pro.morningconsult.com/analysis/kamala-harris-2028-democratic-primary-polling-november-2024
"Tim Walz",7.00,"Morning Consult",1,NULL,1012,"Registered Voters",2024-11-15,https://pro.morningconsult.com/analysis/kamala-harris-2028-democratic-primary-polling-november-2024
"Alexandria Ocasio-Cortez",4.00,"Morning Consult",1,NULL,1012,"Registered Voters",2024-11-15,https://pro.morningconsult.com/analysis/kamala-harris-2028-democratic-primary-polling-november-2024
"Cory Booker",2.00,"Morning Consult",1,NULL,1012,"Registered Voters",2024-11-15,https://pro.morningconsult.com/analysis/kamala-harris-2028-democratic-primary-polling-november-2024
"Amy Klobuchar",2.00,"Morning Consult",1,NULL,1012,"Registered Voters",2024-11-15,https://pro.morningconsult.com/analysis/kamala-harris-2028-democratic-primary-polling-november-2024
"Andy Beshear",2.00,"Morning Consult",1,NULL,1012,"Registered Voters",2024-11-15,https://pro.morningconsult.com/analysis/kamala-harris-2028-democratic-primary-polling-november-2024
"J.B. Pritzker",1.00,"Morning Consult",1,NULL,1012,"Registered Voters",2024-11-15,https://pro.morningconsult.com/analysis/kamala-harris-2028-democratic-primary-polling-november-2024
"Kamala Harris",41.00,"Echelon Insights",1,NULL,457,"Likely Voters",2024-11-14,https://echeloninsights.com/in-the-news/nov-2024-verified-voter-omnibus/
"Gavin Newsom",8.00,"Echelon Insights",1,NULL,457,"Likely Voters",2024-11-14,https://echeloninsights.com/in-the-news/nov-2024-verified-voter-omnibus/
"Josh Shapiro",7.00,"Echelon Insights",1,NULL,457,"Likely Voters",2024-11-14,https://echeloninsights.com/in-the-news/nov-2024-verified-voter-omnibus/
"Gretchen Whitmer",3.00,"Echelon Insights",1,NULL,457,"Likely Voters",2024-11-14,https://echeloninsights.com/in-the-news/nov-2024-verified-voter-omnibus/
"Pete Buttigieg",6.00,"Echelon Insights",1,NULL,457,"Likely Voters",2024-11-14,https://echeloninsights.com/in-the-news/nov-2024-verified-voter-omnibus/
"Tim Walz",6.00,"Echelon Insights",1,NULL,457,"Likely Voters",2024-11-14,https://echeloninsights.com/in-the-news/nov-2024-verified-voter-omnibus/
"Alexandria Ocasio-Cortez",4.00,"Echelon Insights",1,NULL,457,"Likely Voters",2024-11-14,https://echeloninsights.com/in-the-news/nov-2024-verified-voter-omnibus/
"J.B. Pritzker",2.00,"Echelon Insights",1,NULL,457,"Likely Voters",2024-11-14,https://echeloninsights.com/in-the-news/nov-2024-verified-voter-omnibus/
"Cory Booker",2.00,"Echelon Insights",1,NULL,457,"Likely Voters",2024-11-14,https://echeloninsights.com/in-the-news/nov-2024-verified-voter-omnibus/
"Andy Beshear",2.00,"Echelon Insights",1,NULL,457,"Likely Voters",2024-11-14,https://echeloninsights.com/in-the-news/nov-2024-verified-voter-omnibus/
"Kamala Harris",37.00,"Emerson College",1,NULL,400,"Registered Voters",2024-11-20,https://emersoncollegepolling.com/november-2024-national-poll-trump-favorability-jumps-post-election-2028-election-kicks-off-with-harris-and-vance-leading-primaries/
"Gavin Newsom",7.00,"Emerson College",1,NULL,400,"Registered Voters",2024-11-20,https://emersoncollegepolling.com/november-2024-national-poll-trump-favorability-jumps-post-election-2028-election-kicks-off-with-harris-and-vance-leading-primaries/
"Josh Shapiro",3.00,"Emerson College",1,NULL,400,"Registered Voters",2024-11-20,https://emersoncollegepolling.com/november-2024-national-poll-trump-favorability-jumps-post-election-2028-election-kicks-off-with-harris-and-vance-leading-primaries/
"Gretchen Whitmer",3.00,"Emerson College",1,NULL,400,"Registered Voters",2024-11-20,https://emersoncollegepolling.com/november-2024-national-poll-trump-favorability-jumps-post-election-2028-election-kicks-off-with-harris-and-vance-leading-primaries/
"Pete Buttigieg",4.00,"Emerson College",1,NULL,400,"Registered Voters",2024-11-20,https://emersoncollegepolling.com/november-2024-national-poll-trump-favorability-jumps-post-election-2028-election-kicks-off-with-harris-and-vance-leading-primaries/
"Andy Beshear",1.00,"Emerson College",1,NULL,400,"Registered Voters",2024-11-20,https://emersoncollegepolling.com/november-2024-national-poll-trump-favorability-jumps-post-election-2028-election-kicks-off-with-harris-and-vance-leading-primaries/
"Alexandra Ocasio-Cortez",2.00,"Emerson College",1,NULL,400,"Registered Voters",2024-11-20,https://emersoncollegepolling.com/november-2024-national-poll-trump-favorability-jumps-post-election-2028-election-kicks-off-with-harris-and-vance-leading-primaries/
"J.B. Pritzker",1.00,"Emerson College",1,NULL,400,"Registered Voters",2024-11-20,https://emersoncollegepolling.com/november-2024-national-poll-trump-favorability-jumps-post-election-2028-election-kicks-off-with-harris-and-vance-leading-primaries/
"Kamala Harris",35.00,"McLaughlin & Associates",1,NULL,428,"Likely Voters",2024-12-11,https://mclaughlinonline.com/pols/wp-content/uploads/2024/12/National-December-Presentation-RELEASE-12-17-24.pdf
"Pete Buttigieg",12.00,"McLaughlin & Associates",1,NULL,428,"Likely Voters",2024-12-11,https://mclaughlinonline.com/pols/wp-content/uploads/2024/12/National-December-Presentation-RELEASE-12-17-24.pdf
"Gavin Newsom",7.00,"McLaughlin & Associates",1,NULL,428,"Likely Voters",2024-12-11,https://mclaughlinonline.com/pols/wp-content/uploads/2024/12/National-December-Presentation-RELEASE-12-17-24.pdf
"Josh Shapiro",5.00,"McLaughlin & Associates",1,NULL,428,"Likely Voters",2024-12-11,https://mclaughlinonline.com/pols/wp-content/uploads/2024/12/National-December-Presentation-RELEASE-12-17-24.pdf
"Alexandria Ocasio-Cortez",3.00,"McLaughlin & Associates",1,NULL,428,"Likely Voters",2024-12-11,https://mclaughlinonline.com/pols/wp-content/uploads/2024/12/National-December-Presentation-RELEASE-12-17-24.pdf
"J.B. Pritzker",3.00,"McLaughlin & Associates",1,NULL,428,"Likely Voters",2024-12-11,https://mclaughlinonline.com/pols/wp-content/uploads/2024/12/National-December-Presentation-RELEASE-12-17-24.pdf
"Beto O'Rourke",1.00,"McLaughlin & Associates",1,NULL,428,"Likely Voters",2024-12-11,https://mclaughlinonline.com/pols/wp-content/uploads/2024/12/National-December-Presentation-RELEASE-12-17-24.pdf
"Cory Booker",2.00,"McLaughlin & Associates",1,NULL,428,"Likely Voters",2024-12-11,https://mclaughlinonline.com/pols/wp-content/uploads/2024/12/National-December-Presentation-RELEASE-12-17-24.pdf
"Amy Klobuchar",1.00,"McLaughlin & Associates",1,NULL,428,"Likely Voters",2024-12-11,https://mclaughlinonline.com/pols/wp-content/uploads/2024/12/National-December-Presentation-RELEASE-12-17-24.pdf
"Kamala Harris",15.00,"Capitol Weekly",NULL,California,681,NULL,2025-02-06,https://capitolweekly.net/ca-120-dems-in-a-funk-but-harris-and-newsom-could-still-shine/
"Gavin Newsom",27.00,"Capitol Weekly",NULL,California,681,NULL,2025-02-06,https://capitolweekly.net/ca-120-dems-in-a-funk-but-harris-and-newsom-could-still-shine/
"Pete Buttigieg",15.00,"Capitol Weekly",NULL,California,681,NULL,2025-02-06,https://capitolweekly.net/ca-120-dems-in-a-funk-but-harris-and-newsom-could-still-shine/
"Amy Klobuchar",6.00,"Capitol Weekly",NULL,California,681,NULL,2025-02-06,https://capitolweekly.net/ca-120-dems-in-a-funk-but-harris-and-newsom-could-still-shine/
"Cory Booker",5.00,"Capitol Weekly",NULL,California,681,NULL,2025-02-06,https://capitolweekly.net/ca-120-dems-in-a-funk-but-harris-and-newsom-could-still-shine/
"Gretchen Whitmer",6.00,"Capitol Weekly",NULL,California,681,NULL,2025-02-06,https://capitolweekly.net/ca-120-dems-in-a-funk-but-harris-and-newsom-could-still-shine/
"J.B. Pritzker",1.00,"Capitol Weekly",NULL,California,681,NULL,2025-02-06,hhttps://capitolweekly.net/ca-120-dems-in-a-funk-but-harris-and-newsom-could-still-shine/
"Josh Shapiro",6.00,"Capitol Weekly",NULL,California,681,NULL,2025-02-06,https://capitolweekly.net/ca-120-dems-in-a-funk-but-harris-and-newsom-could-still-shine/
"Kamala Harris",36.00,"Echelon Insights",1,NULL,447,"Likely Voters",2025-02-10,http://echelonin.wpenginepowered.com/wp-content/uploads/February-2025-Voter-Omnibus-Topline-External.pdf
"Gavin Newsom",6.00,"Echelon Insights",1,NULL,447,"Likely Voters",2025-02-10,http://echelonin.wpenginepowered.com/wp-content/uploads/February-2025-Voter-Omnibus-Topline-External.pdf
"Josh Shapiro",3.00,"Echelon Insights",1,NULL,447,"Likely Voters",2025-02-10,http://echelonin.wpenginepowered.com/wp-content/uploads/February-2025-Voter-Omnibus-Topline-External.pdf
"Gretchen Whitmer",4.00,"Echelon Insights",1,NULL,447,"Likely Voters",2025-02-10,http://echelonin.wpenginepowered.com/wp-content/uploads/February-2025-Voter-Omnibus-Topline-External.pdf
"Pete Buttigieg",10.00,"Echelon Insights",1,NULL,447,"Likely Voters",2025-02-10,http://echelonin.wpenginepowered.com/wp-content/uploads/February-2025-Voter-Omnibus-Topline-External.pdf
"Tim Walz",9.00,"Echelon Insights",1,NULL,447,"Likely Voters",2025-02-10,http://echelonin.wpenginepowered.com/wp-content/uploads/February-2025-Voter-Omnibus-Topline-External.pdf
"Alexandria Ocasio-Cortez",5.00,"Echelon Insights",1,NULL,447,"Likely Voters",2025-02-10,http://echelonin.wpenginepowered.com/wp-content/uploads/February-2025-Voter-Omnibus-Topline-External.pdf
"J.B. Pritzker",2.00,"Echelon Insights",1,NULL,447,"Likely Voters",2025-02-10,http://echelonin.wpenginepowered.com/wp-content/uploads/February-2025-Voter-Omnibus-Topline-External.pdf
"Cory Booker",2.00,"Echelon Insights",1,NULL,447,"Likely Voters",2025-02-10,http://echelonin.wpenginepowered.com/wp-content/uploads/February-2025-Voter-Omnibus-Topline-External.pdf
"Raphael Warnock",2.00,"Echelon Insights",1,NULL,447,"Likely Voters",2025-02-10,http://echelonin.wpenginepowered.com/wp-content/uploads/February-2025-Voter-Omnibus-Topline-External.pdf
"Jasmine Crockett",2.00,"Echelon Insights",1,NULL,447,"Likely Voters",2025-02-10,http://echelonin.wpenginepowered.com/wp-content/uploads/February-2025-Voter-Omnibus-Topline-External.pdf
"Kamala Harris",37.00,SurveyUSA,1,NULL,835,"Registered Voters",2025-02-13,https://www.surveyusa.com/client/PollReport.aspx?g=677c71f7-f291-4d3e-800c-b2bb85f3a305
"Gavin Newsom",1.00,SurveyUSA,1,NULL,835,"Registered Voters",2025-02-13,https://www.surveyusa.com/client/PollReport.aspx?g=677c71f7-f291-4d3e-800c-b2bb85f3a305
"Josh Shapiro",6.00,SurveyUSA,1,NULL,835,"Registered Voters",2025-02-13,https://www.surveyusa.com/client/PollReport.aspx?g=677c71f7-f291-4d3e-800c-b2bb85f3a305
"Gretchen Whitmer",4.00,SurveyUSA,1,NULL,835,"Registered Voters",2025-02-13,https://www.surveyusa.com/client/PollReport.aspx?g=677c71f7-f291-4d3e-800c-b2bb85f3a305
"Pete Buttigieg",11.00,SurveyUSA,1,NULL,835,"Registered Voters",2025-02-13,https://www.surveyusa.com/client/PollReport.aspx?g=677c71f7-f291-4d3e-800c-b2bb85f3a305
"Andy Beshear",3.00,ESurveyUSA,1,NULL,835,"Registered Voters",2025-02-13,https://www.surveyusa.com/client/PollReport.aspx?g=677c71f7-f291-4d3e-800c-b2bb85f3a305
"Alexandra Ocasio-Cortez",7.00,SurveyUSA,1,NULL,835,"Registered Voters",2025-02-13,https://www.surveyusa.com/client/PollReport.aspx?g=677c71f7-f291-4d3e-800c-b2bb85f3a305
"Chris Murphy",2.00,SurveyUSA,1,NULL,835,"Registered Voters",2025-02-13,https://www.surveyusa.com/client/PollReport.aspx?g=677c71f7-f291-4d3e-800c-b2bb85f3a305
"Kamala Harris",33.00,"Echelon Insights",1,NULL,457,"Likely Voters",2025-03-10,https://echeloninsights.com/in-the-news/march-2025-verified-voter-omnibus-2-2-2/
"Gavin Newsom",7.00,"Echelon Insights",1,NULL,457,"Likely Voters",2025-03-10,https://echeloninsights.com/in-the-news/march-2025-verified-voter-omnibus-2-2-2/
"Josh Shapiro",2.00,"Echelon Insights",1,NULL,457,"Likely Voters",2025-03-10,https://echeloninsights.com/in-the-news/march-2025-verified-voter-omnibus-2-2-2/
"Gretchen Whitmer",2.00,"Echelon Insights",1,NULL,457,"Likely Voters",2025-03-10,https://echeloninsights.com/in-the-news/march-2025-verified-voter-omnibus-2-2-2/
"Pete Buttigieg",10.00,"Echelon Insights",1,NULL,457,"Likely Voters",2025-03-10,https://echeloninsights.com/in-the-news/march-2025-verified-voter-omnibus-2-2-2/
"Tim Walz",5.00,"Echelon Insights",1,NULL,457,"Likely Voters",2025-03-10,https://echeloninsights.com/in-the-news/march-2025-verified-voter-omnibus-2-2-2/
"Alexandria Ocasio-Cortez",7.00,"Echelon Insights",1,NULL,457,"Likely Voters",2025-03-10,https://echeloninsights.com/in-the-news/march-2025-verified-voter-omnibus-2-2-2/
"J.B. Pritzker",2.00,"Echelon Insights",1,NULL,457,"Likely Voters",2025-03-10,https://echeloninsights.com/in-the-news/march-2025-verified-voter-omnibus-2-2-2/
"Cory Booker",2.00,"Echelon Insights",1,NULL,457,"Likely Voters",2025-03-10,https://echeloninsights.com/in-the-news/march-2025-verified-voter-omnibus-2-2-2/
"Jasmine Crockett",3.00,"Echelon Insights",1,NULL,457,"Likely Voters",2025-03-10,https://echeloninsights.com/in-the-news/march-2025-verified-voter-omnibus-2-2-2/
"Chris Murphy",1.00,"Echelon Insights",1,NULL,457,"Likely Voters",2025-03-10,https://echeloninsights.com/in-the-news/march-2025-verified-voter-omnibus-2-2-2/
"Raphael Warnock",1.00,"Echelon Insights",1,NULL,457,"Likely Voters",2025-03-10,https://echeloninsights.com/in-the-news/march-2025-verified-voter-omnibus-2-2-2/
"Andy Beshear",2.00,"Echelon Insights",1,NULL,457,"Likely Voters",2025-03-10,https://echeloninsights.com/in-the-news/march-2025-verified-voter-omnibus-2-2-2/
"Kamala Harris",36.00,"Morning Consult",1,NULL,NULL,"Registered Voters",2025-03-14,https://links.morningconsult.com/s/vb/1lz390XhGEbaH0JBI-kfBgI3j37keAUfilDiUXDQgYmIVQJ0MfiiXsutcRARmrW5O31nuJvpsPZkxkzeqZevGUwf7u2RIcvmy7IQFozhmy_SpgPgr5kmdsE_4c2EMoWD1etkNrKTPE939Wb_zs7LzPgZVKyFXefDShoGbg/y2DwDJIrXtRipwgN998cnZgGR1frvEEM/7
"Gavin Newsom",5.00,"Morning Consult",1,NULL,NULL,"Registered Voters",2025-03-14,https://links.morningconsult.com/s/vb/1lz390XhGEbaH0JBI-kfBgI3j37keAUfilDiUXDQgYmIVQJ0MfiiXsutcRARmrW5O31nuJvpsPZkxkzeqZevGUwf7u2RIcvmy7IQFozhmy_SpgPgr5kmdsE_4c2EMoWD1etkNrKTPE939Wb_zs7LzPgZVKyFXefDShoGbg/y2DwDJIrXtRipwgN998cnZgGR1frvEEM/7
"Josh Shapiro",4.00,"Morning Consult",1,NULL,NULL,"Registered Voters",2025-03-14,https://links.morningconsult.com/s/vb/1lz390XhGEbaH0JBI-kfBgI3j37keAUfilDiUXDQgYmIVQJ0MfiiXsutcRARmrW5O31nuJvpsPZkxkzeqZevGUwf7u2RIcvmy7IQFozhmy_SpgPgr5kmdsE_4c2EMoWD1etkNrKTPE939Wb_zs7LzPgZVKyFXefDShoGbg/y2DwDJIrXtRipwgN998cnZgGR1frvEEM/7
"Pete Buttigieg",10.00,"Morning Consult",1,NULL,NULL,"Registered Voters",2025-03-14,https://links.morningconsult.com/s/vb/1lz390XhGEbaH0JBI-kfBgI3j37keAUfilDiUXDQgYmIVQJ0MfiiXsutcRARmrW5O31nuJvpsPZkxkzeqZevGUwf7u2RIcvmy7IQFozhmy_SpgPgr5kmdsE_4c2EMoWD1etkNrKTPE939Wb_zs7LzPgZVKyFXefDShoGbg/y2DwDJIrXtRipwgN998cnZgGR1frvEEM/7
"Gretchen Whitmer",2.00,"Morning Consult",1,NULL,NULL,"Registered Voters",2025-03-14,https://links.morningconsult.com/s/vb/1lz390XhGEbaH0JBI-kfBgI3j37keAUfilDiUXDQgYmIVQJ0MfiiXsutcRARmrW5O31nuJvpsPZkxkzeqZevGUwf7u2RIcvmy7IQFozhmy_SpgPgr5kmdsE_4c2EMoWD1etkNrKTPE939Wb_zs7LzPgZVKyFXefDShoGbg/y2DwDJIrXtRipwgN998cnZgGR1frvEEM/7
"Tim Walz",5.00,"Morning Consult",1,NULL,NULL,"Registered Voters",2025-03-14,https://links.morningconsult.com/s/vb/1lz390XhGEbaH0JBI-kfBgI3j37keAUfilDiUXDQgYmIVQJ0MfiiXsutcRARmrW5O31nuJvpsPZkxkzeqZevGUwf7u2RIcvmy7IQFozhmy_SpgPgr5kmdsE_4c2EMoWD1etkNrKTPE939Wb_zs7LzPgZVKyFXefDShoGbg/y2DwDJIrXtRipwgN998cnZgGR1frvEEM/7
"Alexandria Ocasio-Cortez",5.00,"Morning Consult",1,NULL,NULL,"Registered Voters",2025-03-14,https://links.morningconsult.com/s/vb/1lz390XhGEbaH0JBI-kfBgI3j37keAUfilDiUXDQgYmIVQJ0MfiiXsutcRARmrW5O31nuJvpsPZkxkzeqZevGUwf7u2RIcvmy7IQFozhmy_SpgPgr5kmdsE_4c2EMoWD1etkNrKTPE939Wb_zs7LzPgZVKyFXefDShoGbg/y2DwDJIrXtRipwgN998cnZgGR1frvEEM/7
"Cory Booker",3.00,"Morning Consult",1,NULL,NULL,"Registered Voters",2025-03-14,https://links.morningconsult.com/s/vb/1lz390XhGEbaH0JBI-kfBgI3j37keAUfilDiUXDQgYmIVQJ0MfiiXsutcRARmrW5O31nuJvpsPZkxkzeqZevGUwf7u2RIcvmy7IQFozhmy_SpgPgr5kmdsE_4c2EMoWD1etkNrKTPE939Wb_zs7LzPgZVKyFXefDShoGbg/y2DwDJIrXtRipwgN998cnZgGR1frvEEM/7
"Amy Klobuchar",2.00,"Morning Consult",1,NULL,NULL,"Registered Voters",2025-03-14,https://links.morningconsult.com/s/vb/1lz390XhGEbaH0JBI-kfBgI3j37keAUfilDiUXDQgYmIVQJ0MfiiXsutcRARmrW5O31nuJvpsPZkxkzeqZevGUwf7u2RIcvmy7IQFozhmy_SpgPgr5kmdsE_4c2EMoWD1etkNrKTPE939Wb_zs7LzPgZVKyFXefDShoGbg/y2DwDJIrXtRipwgN998cnZgGR1frvEEM/7
"Andy Beshear",2.00,"Morning Consult",1,NULL,NULL,"Registered Voters",2025-03-14,https://links.morningconsult.com/s/vb/1lz390XhGEbaH0JBI-kfBgI3j37keAUfilDiUXDQgYmIVQJ0MfiiXsutcRARmrW5O31nuJvpsPZkxkzeqZevGUwf7u2RIcvmy7IQFozhmy_SpgPgr5kmdsE_4c2EMoWD1etkNrKTPE939Wb_zs7LzPgZVKyFXefDShoGbg/y2DwDJIrXtRipwgN998cnZgGR1frvEEM/7
"Chris Murphy",1.00,"Morning Consult",1,NULL,NULL,"Registered Voters",2025-03-14,https://links.morningconsult.com/s/vb/1lz390XhGEbaH0JBI-kfBgI3j37keAUfilDiUXDQgYmIVQJ0MfiiXsutcRARmrW5O31nuJvpsPZkxkzeqZevGUwf7u2RIcvmy7IQFozhmy_SpgPgr5kmdsE_4c2EMoWD1etkNrKTPE939Wb_zs7LzPgZVKyFXefDShoGbg/y2DwDJIrXtRipwgN998cnZgGR1frvEEM/7
"Rahm Emanuel",1.00,"Morning Consult",1,NULL,NULL,"Registered Voters",2025-03-14,https://links.morningconsult.com/s/vb/1lz390XhGEbaH0JBI-kfBgI3j37keAUfilDiUXDQgYmIVQJ0MfiiXsutcRARmrW5O31nuJvpsPZkxkzeqZevGUwf7u2RIcvmy7IQFozhmy_SpgPgr5kmdsE_4c2EMoWD1etkNrKTPE939Wb_zs7LzPgZVKyFXefDShoGbg/y2DwDJIrXtRipwgN998cnZgGR1frvEEM/7
"Raphael Warnock",1.00,"Morning Consult",1,NULL,NULL,"Registered Voters",2025-03-14,https://links.morningconsult.com/s/vb/1lz390XhGEbaH0JBI-kfBgI3j37keAUfilDiUXDQgYmIVQJ0MfiiXsutcRARmrW5O31nuJvpsPZkxkzeqZevGUwf7u2RIcvmy7IQFozhmy_SpgPgr5kmdsE_4c2EMoWD1etkNrKTPE939Wb_zs7LzPgZVKyFXefDShoGbg/y2DwDJIrXtRipwgN998cnZgGR1frvEEM/7
"J.B. Pritzker",2.00,"Morning Consult",1,NULL,NULL,"Registered Voters",2025-03-14,https://links.morningconsult.com/s/vb/1lz390XhGEbaH0JBI-kfBgI3j37keAUfilDiUXDQgYmIVQJ0MfiiXsutcRARmrW5O31nuJvpsPZkxkzeqZevGUwf7u2RIcvmy7IQFozhmy_SpgPgr5kmdsE_4c2EMoWD1etkNrKTPE939Wb_zs7LzPgZVKyFXefDShoGbg/y2DwDJIrXtRipwgN998cnZgGR1frvEEM/7
"Kamala Harris",48.00,"Overton Insights",1,NULL,512,"Registered Voters",2025-03-24,https://overtoninsights.com/wp-content/uploads/2025/04/Overton-Insights-Poll-April-2025-Crosstabs-Party-Ideology-2024-Vote-1.pdf
"Gavin Newsom",10.00,"Overton Insights",1,NULL,512,"Registered Voters",2025-03-24,https://overtoninsights.com/wp-content/uploads/2025/04/Overton-Insights-Poll-April-2025-Crosstabs-Party-Ideology-2024-Vote-1.pdf
"Josh Shapiro",9.00,"Overton Insights",1,NULL,512,"Registered Voters",2025-03-24,https://overtoninsights.com/wp-content/uploads/2025/04/Overton-Insights-Poll-April-2025-Crosstabs-Party-Ideology-2024-Vote-1.pdf
"Gretchen Whitmer",6.00,"Overton Insights",1,NULL,512,"Registered Voters",2025-03-24,https://overtoninsights.com/wp-content/uploads/2025/04/Overton-Insights-Poll-April-2025-Crosstabs-Party-Ideology-2024-Vote-1.pdf
"Alexandria Ocasio-Cortez",15.00,"Overton Insights",1,NULL,512,"Registered Voters",2025-03-24,https://overtoninsights.com/wp-content/uploads/2025/04/Overton-Insights-Poll-April-2025-Crosstabs-Party-Ideology-2024-Vote-1.pdf
"Kamala Harris",28.00,"Echelon Insights",1,NULL,1014,NULL,2025-04-10,https://echeloninsights.com/in-the-news/april-2025-verified-voter-omnibus-2-2-2-2/
"Gavin Newsom",4.00,"Echelon Insights",1,NULL,1014,NULL,2025-04-10,https://echeloninsights.com/in-the-news/april-2025-verified-voter-omnibus-2-2-2-2/
"Josh Shapiro",3.00,"Echelon Insights",1,NULL,1014,NULL,2025-04-10,https://echeloninsights.com/in-the-news/april-2025-verified-voter-omnibus-2-2-2-2/
"Pete Buttigieg",7.00,"Echelon Insights",1,NULL,1014,NULL,2025-04-10,https://echeloninsights.com/in-the-news/april-2025-verified-voter-omnibus-2-2-2-2/
"Tim Walz",5.00,"Echelon Insights",1,NULL,1014,NULL,2025-04-10,https://echeloninsights.com/in-the-news/april-2025-verified-voter-omnibus-2-2-2-2/
"Alexandria Ocasio-Cortez",7.00,"Echelon Insights",1,NULL,1014,NULL,2025-04-10,https://echeloninsights.com/in-the-news/april-2025-verified-voter-omnibus-2-2-2-2/
"J.B. Pritzker",3.00,"Echelon Insights",1,NULL,1014,NULL,2025-04-10,https://echeloninsights.com/in-the-news/april-2025-verified-voter-omnibus-2-2-2-2/
"Cory Booker",11.00,"Echelon Insights",1,NULL,1014,NULL,2025-04-10,https://echeloninsights.com/in-the-news/april-2025-verified-voter-omnibus-2-2-2-2/
"Raphael Warnock",1.00,"Echelon Insights",1,NULL,1014,NULL,2025-04-10,https://echeloninsights.com/in-the-news/april-2025-verified-voter-omnibus-2-2-2-2/
"Kamala Harris",18.00,"Data For Progress",1,NULL,745,"Likely Voters",2025-04-09,https://www.filesforprogress.org/datasets/2025/4/dfp_zeteo_d_primary_2028.pdf
"Gavin Newsom",8.00,"Data For Progress",1,NULL,745,"Likely Voters",2025-04-09,https://www.filesforprogress.org/datasets/2025/4/dfp_zeteo_d_primary_2028.pdf
"Josh Shapiro",5.00,"Data For Progress",1,NULL,745,"Likely Voters",2025-04-09,https://www.filesforprogress.org/datasets/2025/4/dfp_zeteo_d_primary_2028.pdf
"Gretchen Whitmer",4.00,"Data For Progress",1,NULL,745,"Likely Voters",2025-04-09,https://www.filesforprogress.org/datasets/2025/4/dfp_zeteo_d_primary_2028.pdf
"Pete Buttigieg",14.00,"Data For Progress",1,NULL,745,"Likely Voters",2025-04-09,https://www.filesforprogress.org/datasets/2025/4/dfp_zeteo_d_primary_2028.pdf
"Tim Walz",4.00,"Data For Progress",1,NULL,745,"Likely Voters",2025-04-09,https://www.filesforprogress.org/datasets/2025/4/dfp_zeteo_d_primary_2028.pdf
"Alexandria Ocasio-Cortez",12.00,"Data For Progress",1,NULL,745,"Likely Voters",2025-04-09,https://www.filesforprogress.org/datasets/2025/4/dfp_zeteo_d_primary_2028.pdf
"J.B. Pritzker",4.00,"Data For Progress",1,NULL,745,"Likely Voters",2025-04-09,https://www.filesforprogress.org/datasets/2025/4/dfp_zeteo_d_primary_2028.pdf
"Cory Booker",12.00,"Data For Progress",1,NULL,745,"Likely Voters",2025-04-09,https://www.filesforprogress.org/datasets/2025/4/dfp_zeteo_d_primary_2028.pdf
"Amy Klobuchar",2.00,"Data For Progress",1,NULL,745,"Likely Voters",2025-04-09,https://www.filesforprogress.org/datasets/2025/4/dfp_zeteo_d_primary_2028.pdf
"Andy Beshear",2.00,"Data For Progress",1,NULL,745,"Likely Voters",2025-04-09,https://www.filesforprogress.org/datasets/2025/4/dfp_zeteo_d_primary_2028.pdf
"Kamala Harris",28.00,"Yale Youth Poll",1,NULL,NULL,NULL,2025-04-01,https://docs.google.com/spreadsheets/d/1JhSWPVcKK6tdufsa52TeRk3JRwSsgtglVQP1ZAa8fg4/edit?gid=0#gid=0
"Gavin Newsom",6.00,"Yale Youth Poll",1,NULL,NULL,NULL,2025-04-01,https://docs.google.com/spreadsheets/d/1JhSWPVcKK6tdufsa52TeRk3JRwSsgtglVQP1ZAa8fg4/edit?gid=0#gid=0
"Josh Shapiro",5.00,"Yale Youth Poll",1,NULL,NULL,NULL,2025-04-01,https://docs.google.com/spreadsheets/d/1JhSWPVcKK6tdufsa52TeRk3JRwSsgtglVQP1ZAa8fg4/edit?gid=0#gid=0
"Gretchen Whitmer",3.00,"Yale Youth Poll",1,NULL,NULL,NULL,2025-04-01,https://docs.google.com/spreadsheets/d/1JhSWPVcKK6tdufsa52TeRk3JRwSsgtglVQP1ZAa8fg4/edit?gid=0#gid=0
"Pete Buttigieg",14.00,"Yale Youth Poll",1,NULL,NULL,NULL,2025-04-01,https://docs.google.com/spreadsheets/d/1JhSWPVcKK6tdufsa52TeRk3JRwSsgtglVQP1ZAa8fg4/edit?gid=0#gid=0
"Mark Kelly",4.00,"Yale Youth Poll",1,NULL,NULL,NULL,2025-04-01,https://docs.google.com/spreadsheets/d/1JhSWPVcKK6tdufsa52TeRk3JRwSsgtglVQP1ZAa8fg4/edit?gid=0#gid=0
"Alexandria Ocasio-Cortez",21.00,"Yale Youth Poll",1,NULL,NULL,NULL,2025-04-01,https://docs.google.com/spreadsheets/d/1JhSWPVcKK6tdufsa52TeRk3JRwSsgtglVQP1ZAa8fg4/edit?gid=0#gid=0
"J.B. Pritzker",3.00,"Yale Youth Poll",1,NULL,NULL,NULL,2025-04-01,https://docs.google.com/spreadsheets/d/1JhSWPVcKK6tdufsa52TeRk3JRwSsgtglVQP1ZAa8fg4/edit?gid=0#gid=0
"Andy Beshear",3.00,"Yale Youth Poll",1,NULL,NULL,NULL,2025-04-01,https://docs.google.com/spreadsheets/d/1JhSWPVcKK6tdufsa52TeRk3JRwSsgtglVQP1ZAa8fg4/edit?gid=0#gid=0
"Kamala Harris",24.00,"Atlas Intel",1,NULL,2347,NULL,2025-04-11,https://cdn.atlasintel.org/e3edc86b-aac7-4ebe-9ef7-6a8346f658f6.pdf?_gl=1*1po007n*_ga*NjMxOTI2NjYxLjE3NDQ5Mjc1MzM.*_ga_W78QD5CNP1*MTc0NDkyNzUzMy4xLjAuMTc0NDkyNzUzMy4wLjAuMA
"Cory Booker",9.00,"Atlas Intel",1,NULL,2347,NULL,2025-04-11,https://cdn.atlasintel.org/e3edc86b-aac7-4ebe-9ef7-6a8346f658f6.pdf?_gl=1*1po007n*_ga*NjMxOTI2NjYxLjE3NDQ5Mjc1MzM.*_ga_W78QD5CNP1*MTc0NDkyNzUzMy4xLjAuMTc0NDkyNzUzMy4wLjAuMA
"Pete Buttigieg",28.00,"Atlas Intel",1,NULL,2347,NULL,2025-04-11,https://cdn.atlasintel.org/e3edc86b-aac7-4ebe-9ef7-6a8346f658f6.pdf?_gl=1*1po007n*_ga*NjMxOTI2NjYxLjE3NDQ5Mjc1MzM.*_ga_W78QD5CNP1*MTc0NDkyNzUzMy4xLjAuMTc0NDkyNzUzMy4wLjAuMA
"Gavin Newsom",7.00,"Atlas Intel",1,NULL,2347,NULL,2025-04-11,https://cdn.atlasintel.org/e3edc86b-aac7-4ebe-9ef7-6a8346f658f6.pdf?_gl=1*1po007n*_ga*NjMxOTI2NjYxLjE3NDQ5Mjc1MzM.*_ga_W78QD5CNP1*MTc0NDkyNzUzMy4xLjAuMTc0NDkyNzUzMy4wLjAuMA
"Alexandria Ocasio-Cortez",16.00,"Atlas Intel",1,NULL,2347,NULL,2025-04-11,https://cdn.atlasintel.org/e3edc86b-aac7-4ebe-9ef7-6a8346f658f6.pdf?_gl=1*1po007n*_ga*NjMxOTI2NjYxLjE3NDQ5Mjc1MzM.*_ga_W78QD5CNP1*MTc0NDkyNzUzMy4xLjAuMTc0NDkyNzUzMy4wLjAuMA
"Gretchen Whitmer",9.00,"Atlas Intel",1,NULL,2347,NULL,2025-04-11,https://cdn.atlasintel.org/e3edc86b-aac7-4ebe-9ef7-6a8346f658f6.pdf?_gl=1*1po007n*_ga*NjMxOTI2NjYxLjE3NDQ5Mjc1MzM.*_ga_W78QD5CNP1*MTc0NDkyNzUzMy4xLjAuMTc0NDkyNzUzMy4wLjAuMA
"Andy Beshear",2.00,"Atlas Intel",1,NULL,2347,NULL,2025-04-11,https://cdn.atlasintel.org/e3edc86b-aac7-4ebe-9ef7-6a8346f658f6.pdf?_gl=1*1po007n*_ga*NjMxOTI2NjYxLjE3NDQ5Mjc1MzM.*_ga_W78QD5CNP1*MTc0NDkyNzUzMy4xLjAuMTc0NDkyNzUzMy4wLjAuMA
"Chris Murphy",2.00,"Atlas Intel",1,NULL,2347,NULL,2025-04-11,https://cdn.atlasintel.org/e3edc86b-aac7-4ebe-9ef7-6a8346f658f6.pdf?_gl=1*1po007n*_ga*NjMxOTI2NjYxLjE3NDQ5Mjc1MzM.*_ga_W78QD5CNP1*MTc0NDkyNzUzMy4xLjAuMTc0NDkyNzUzMy4wLjAuMA
"Raphael Warnock",2.00,"Atlas Intel",1,NULL,2347,NULL,2025-04-11,https://cdn.atlasintel.org/e3edc86b-aac7-4ebe-9ef7-6a8346f658f6.pdf?_gl=1*1po007n*_ga*NjMxOTI2NjYxLjE3NDQ5Mjc1MzM.*_ga_W78QD5CNP1*MTc0NDkyNzUzMy4xLjAuMTc0NDkyNzUzMy4wLjAuMA
"Kamala Harris",30.00,"Quantus Insights",1,NULL,1000,"Registered Voters",2025-04-21,https://quantusinsights.org/f/split-nation-unready-party-the-strategic-drift-of-2025
"Gavin Newsom",7.00,"Quantus Insights",1,NULL,1000,"Registered Voters",2025-04-21,https://quantusinsights.org/f/split-nation-unready-party-the-strategic-drift-of-2025
"Pete Buttigieg",13.00,"Quantus Insights",1,NULL,1000,"Registered Voters",2025-04-21,https://quantusinsights.org/f/split-nation-unready-party-the-strategic-drift-of-2025
"Cory Booker",13.00,"Quantus Insights",1,NULL,1000,"Registered Voters",2025-04-21,https://quantusinsights.org/f/split-nation-unready-party-the-strategic-drift-of-2025
"Josh Shapiro",5.00,"Quantus Insights",1,NULL,1000,"Registered Voters",2025-04-21,https://quantusinsights.org/f/split-nation-unready-party-the-strategic-drift-of-2025
"Tim Walz",5.00,"Quantus Insights",1,NULL,1000,"Registered Voters",2025-04-21,https://quantusinsights.org/f/split-nation-unready-party-the-strategic-drift-of-2025
"Alexandria Ocasio-Cortez",14.00,"Quantus Insights",1,NULL,1000,"Registered Voters",2025-04-21,https://quantusinsights.org/f/split-nation-unready-party-the-strategic-drift-of-2025
"Kamala Harris",28.00,"YouGov/The Times",1,NULL,1296,NULL,2025-04-22,https://d3nkl3psvxxpe9.cloudfront.net/documents/times_20250425.pdf
"Pete Buttigieg",9.00,"YouGov/The Times",1,NULL,1296,NULL,2025-04-22,https://d3nkl3psvxxpe9.cloudfront.net/documents/times_20250425.pdf
"Cory Booker",7.00,"YouGov/The Times",1,NULL,1296,NULL,2025-04-22,https://d3nkl3psvxxpe9.cloudfront.net/documents/times_20250425.pdf
"Gavin Newsom",7.00,"YouGov/The Times",1,NULL,1296,NULL,2025-04-22,https://d3nkl3psvxxpe9.cloudfront.net/documents/times_20250425.pdf
"Alexandra Ocasio-Cortez",7.00,"YouGov/The Times",1,NULL,1296,NULL,2025-04-22,https://d3nkl3psvxxpe9.cloudfront.net/documents/times_20250425.pdf
"Josh Shapiro",4.00,"YouGov/The Times",1,NULL,1296,NULL,2025-04-22,https://d3nkl3psvxxpe9.cloudfront.net/documents/times_20250425.pdf
"Tim Walz",3.00,"YouGov/The Times",1,NULL,1296,NULL,2025-04-22,https://d3nkl3psvxxpe9.cloudfront.net/documents/times_20250425.pdf
"J.B. Pritzker",3.00,"YouGov/The Times",1,NULL,1296,NULL,2025-04-22,https://d3nkl3psvxxpe9.cloudfront.net/documents/times_20250425.pdf
"Andy Beshear",1.00,"YouGov/The Times",1,NULL,1296,NULL,2025-04-22,https://d3nkl3psvxxpe9.cloudfront.net/documents/times_20250425.pdf
"Rahm Emanuel",1.00,"YouGov/The Times",1,NULL,1296,NULL,2025-04-22,https://d3nkl3psvxxpe9.cloudfront.net/documents/times_20250425.pdf
"Mark Kelly",1.00,"YouGov/The Times",1,NULL,1296,NULL,2025-04-22,https://d3nkl3psvxxpe9.cloudfront.net/documents/times_20250425.pdf
"Gretchen Whitmer",1.00,"YouGov/The Times",1,NULL,1296,NULL,2025-04-22,https://d3nkl3psvxxpe9.cloudfront.net/documents/times_20250425.pdf
"Kamala Harris",36.00,"McLaughlin & Associates",1,NULL,418,"Likely Voters",2025-02-11,https://mclaughlinonline.com/pols/wp-content/uploads/2025/02/National-February-Presentation-RELEASE-02-18-25.pdf
"Pete Buttigieg",8.00,"McLaughlin & Associates",1,NULL,418,"Likely Voters",2025-02-11,https://mclaughlinonline.com/pols/wp-content/uploads/2025/02/National-February-Presentation-RELEASE-02-18-25.pdf
"Gavin Newsom",4.00,"McLaughlin & Associates",1,NULL,418,"Likely Voters",2025-02-11,https://mclaughlinonline.com/pols/wp-content/uploads/2025/02/National-February-Presentation-RELEASE-02-18-25.pdf
"Alexandria Ocasio-Cortez",3.00,"McLaughlin & Associates",1,NULL,418,"Likely Voters",2025-02-11,https://mclaughlinonline.com/pols/wp-content/uploads/2025/02/National-February-Presentation-RELEASE-02-18-25.pdf
"Josh Shapiro",3.00,"McLaughlin & Associates",1,NULL,418,"Likely Voters",2025-02-11,https://mclaughlinonline.com/pols/wp-content/uploads/2025/02/National-February-Presentation-RELEASE-02-18-25.pdf
"Tim Walz",4.00,"McLaughlin & Associates",1,NULL,418,"Likely Voters",2025-02-11,https://mclaughlinonline.com/pols/wp-content/uploads/2025/02/National-February-Presentation-RELEASE-02-18-25.pdf
"Amy Klobuchar",3.00,"McLaughlin & Associates",1,NULL,418,"Likely Voters",2025-02-11,https://mclaughlinonline.com/pols/wp-content/uploads/2025/02/National-February-Presentation-RELEASE-02-18-25.pdf
"Gretchen Whitmer",4.00,"McLaughlin & Associates",1,NULL,418,"Likely Voters",2025-02-11,https://mclaughlinonline.com/pols/wp-content/uploads/2025/02/National-February-Presentation-RELEASE-02-18-25.pdf
"Roy Cooper",2.00,"McLaughlin & Associates",1,NULL,418,"Likely Voters",2025-02-11,https://mclaughlinonline.com/pols/wp-content/uploads/2025/02/National-February-Presentation-RELEASE-02-18-25.pdf
"J.B. Pritzker",2.00,"McLaughlin & Associates",1,NULL,418,"Likely Voters",2025-02-11,https://mclaughlinonline.com/pols/wp-content/uploads/2025/02/National-February-Presentation-RELEASE-02-18-25.pdf
"Beto O'Rourke",2.00,"McLaughlin & Associates",1,NULL,418,"Likely Voters",2025-02-11,https://mclaughlinonline.com/pols/wp-content/uploads/2025/02/National-February-Presentation-RELEASE-02-18-25.pdf
"Kamala Harris",30.00,"McLaughlin & Associates",1,NULL,442,"Likely Voters",2025-04-24,https://mclaughlinonline.com/pols/wp-content/uploads/2025/05/National-April-Presentation-RELEASE-04-29-25.pdf
"Pete Buttigieg",6.00,"McLaughlin & Associates",1,NULL,442,"Likely Voters",2025-04-24,https://mclaughlinonline.com/pols/wp-content/uploads/2025/05/National-April-Presentation-RELEASE-04-29-25.pdf
"Gavin Newsom",8.00,"McLaughlin & Associates",1,NULL,442,"Likely Voters",2025-04-24,https://mclaughlinonline.com/pols/wp-content/uploads/2025/05/National-April-Presentation-RELEASE-04-29-25.pdf
"Alexandria Ocasio-Cortez",8.00,"McLaughlin & Associates",1,NULL,442,"Likely Voters",2025-04-24,https://mclaughlinonline.com/pols/wp-content/uploads/2025/05/National-April-Presentation-RELEASE-04-29-25.pdf
"Josh Shapiro",4.00,"McLaughlin & Associates",1,NULL,442,"Likely Voters",2025-04-24,https://mclaughlinonline.com/pols/wp-content/uploads/2025/05/National-April-Presentation-RELEASE-04-29-25.pdf
"Tim Walz",4.00,"McLaughlin & Associates",1,NULL,442,"Likely Voters",2025-04-24,https://mclaughlinonline.com/pols/wp-content/uploads/2025/05/National-April-Presentation-RELEASE-04-29-25.pdf
"Amy Klobuchar",2.00,"McLaughlin & Associates",1,NULL,442,"Likely Voters",2025-04-24,https://mclaughlinonline.com/pols/wp-content/uploads/2025/05/National-April-Presentation-RELEASE-04-29-25.pdf
"Gretchen Whitmer",2.00,"McLaughlin & Associates",1,NULL,442,"Likely Voters",2025-04-24,https://mclaughlinonline.com/pols/wp-content/uploads/2025/05/National-April-Presentation-RELEASE-04-29-25.pdf
"Roy Cooper",2.00,"McLaughlin & Associates",1,NULL,442,"Likely Voters",2025-04-24,https://mclaughlinonline.com/pols/wp-content/uploads/2025/05/National-April-Presentation-RELEASE-04-29-25.pdf
"Cory Booker",7.00,"McLaughlin & Associates",1,NULL,442,"Likely Voters",2025-04-24,https://mclaughlinonline.com/pols/wp-content/uploads/2025/05/National-April-Presentation-RELEASE-04-29-25.pdf
"J.B. Pritzker",3.00,"McLaughlin & Associates",1,NULL,442,"Likely Voters",2025-04-24,https://mclaughlinonline.com/pols/wp-content/uploads/2025/05/National-April-Presentation-RELEASE-04-29-25.pdf
"Jasmine Crockett",2.00,"McLaughlin & Associates",1,NULL,442,"Likely Voters",2025-04-24,https://mclaughlinonline.com/pols/wp-content/uploads/2025/05/National-April-Presentation-RELEASE-04-29-25.pdf
"Kamala Harris",33.00,"McLaughlin & Associates",1,NULL,414,"Likely Voters",2025-01-22,https://mclaughlinonline.com/pols/wp-content/uploads/2025/01/National-January-Presentation-RELEASE-01-28-25.pdf
"Pete Buttigieg",9.00,"McLaughlin & Associates",1,NULL,414,"Likely Voters",2025-01-22,https://mclaughlinonline.com/pols/wp-content/uploads/2025/01/National-January-Presentation-RELEASE-01-28-25.pdf
"Gavin Newsom",7.00,"McLaughlin & Associates",1,NULL,414,"Likely Voters",2025-01-22,https://mclaughlinonline.com/pols/wp-content/uploads/2025/01/National-January-Presentation-RELEASE-01-28-25.pdf
"Alexandria Ocasio-Cortez",6.00,"McLaughlin & Associates",1,NULL,414,"Likely Voters",2025-01-22,https://mclaughlinonline.com/pols/wp-content/uploads/2025/01/National-January-Presentation-RELEASE-01-28-25.pdf
"Josh Shapiro",3.00,"McLaughlin & Associates",1,NULL,414,"Likely Voters",2025-01-22,https://mclaughlinonline.com/pols/wp-content/uploads/2025/01/National-January-Presentation-RELEASE-01-28-25.pdf
"Tim Walz",3.00,"McLaughlin & Associates",1,NULL,414,"Likely Voters",2025-01-22,https://mclaughlinonline.com/pols/wp-content/uploads/2025/01/National-January-Presentation-RELEASE-01-28-25.pdf
"Amy Klobuchar",3.00,"McLaughlin & Associates",1,NULL,414,"Likely Voters",2025-01-22,https://mclaughlinonline.com/pols/wp-content/uploads/2025/01/National-January-Presentation-RELEASE-01-28-25.pdf
"Gretchen Whitmer",3.00,"McLaughlin & Associates",1,NULL,414,"Likely Voters",2025-01-22,https://mclaughlinonline.com/pols/wp-content/uploads/2025/01/National-January-Presentation-RELEASE-01-28-25.pdf
"J.B. Pritzker",1.00,"McLaughlin & Associates",1,NULL,414,"Likely Voters",2025-01-22,https://mclaughlinonline.com/pols/wp-content/uploads/2025/01/National-January-Presentation-RELEASE-01-28-25.pdf
"Beto O'Rourke",1.00,"McLaughlin & Associates",1,NULL,414,"Likely Voters",2025-01-22,https://mclaughlinonline.com/pols/wp-content/uploads/2025/01/National-January-Presentation-RELEASE-01-28-25.pdf
"Kamala Harris",30.00,"J.L. Partners",1,NULL,975,"Registered Voters",2025-05-13,https://nypost.com/2025/05/16/us-news/jd-vance-clear-favorite-to-win-the-gop-nomination-in-2028-poll/?utm_campaign=nypost&utm_medium=social&utm_source=twitter
"Alexandria Ocasio-Cortez",6.00,"J.L. Partners",1,NULL,975,"Registered Voters",2025-05-13,https://nypost.com/2025/05/16/us-news/jd-vance-clear-favorite-to-win-the-gop-nomination-in-2028-poll/?utm_campaign=nypost&utm_medium=social&utm_source=twitter
"Gavin Newsom",7.00,"J.L. Partners",1,NULL,975,"Registered Voters",2025-05-13,https://nypost.com/2025/05/16/us-news/jd-vance-clear-favorite-to-win-the-gop-nomination-in-2028-poll/?utm_campaign=nypost&utm_medium=social&utm_source=twitter
"Josh Shapiro",7.00,"J.L. Partners",1,NULL,975,"Registered Voters",2025-05-13,https://nypost.com/2025/05/16/us-news/jd-vance-clear-favorite-to-win-the-gop-nomination-in-2028-poll/?utm_campaign=nypost&utm_medium=social&utm_source=twitter
"Pete Buttigieg",8.00,"J.L. Partners",1,NULL,975,"Registered Voters",2025-05-13,https://nypost.com/2025/05/16/us-news/jd-vance-clear-favorite-to-win-the-gop-nomination-in-2028-poll/?utm_campaign=nypost&utm_medium=social&utm_source=twitter
"Kamala Harris",29.00,"McLaughlin & Associates",1,NULL,439,"Likely Voters",2025-05-21,https://mclaughlinonline.com/pols/wp-content/uploads/2025/05/National-May-Presentation-RELEASE-05-27-25.pdf
"Pete Buttigieg",10.00,"McLaughlin & Associates",1,NULL,439,"Likely Voters",2025-05-21,https://mclaughlinonline.com/pols/wp-content/uploads/2025/05/National-May-Presentation-RELEASE-05-27-25.pdf
"Gavin Newsom",4.00,"McLaughlin & Associates",1,NULL,439,"Likely Voters",2025-05-21,https://mclaughlinonline.com/pols/wp-content/uploads/2025/05/National-May-Presentation-RELEASE-05-27-25.pdf
"Alexandria Ocasio-Cortez",9.00,"McLaughlin & Associates",1,NULL,439,"Likely Voters",2025-05-21,https://mclaughlinonline.com/pols/wp-content/uploads/2025/05/National-May-Presentation-RELEASE-05-27-25.pdf
"Josh Shapiro",6.00,"McLaughlin & Associates",1,NULL,439,"Likely Voters",2025-05-21,hhttps://mclaughlinonline.com/pols/wp-content/uploads/2025/05/National-May-Presentation-RELEASE-05-27-25.pdf
"Tim Walz",3.00,"McLaughlin & Associates",1,NULL,439,"Likely Voters",2025-05-21,https://mclaughlinonline.com/pols/wp-content/uploads/2025/05/National-May-Presentation-RELEASE-05-27-25.pdf
"Amy Klobuchar",3.00,"McLaughlin & Associates",1,NULL,439,"Likely Voters",2025-05-21,https://mclaughlinonline.com/pols/wp-content/uploads/2025/05/National-May-Presentation-RELEASE-05-27-25.pdf
"Gretchen Whitmer",3.00,"McLaughlin & Associates",1,NULL,439,"Likely Voters",2025-05-21,https://mclaughlinonline.com/pols/wp-content/uploads/2025/05/National-May-Presentation-RELEASE-05-27-25.pdf
"Roy Cooper",1.00,"McLaughlin & Associates",1,NULL,439,"Likely Voters",2025-05-21,https://mclaughlinonline.com/pols/wp-content/uploads/2025/05/National-May-Presentation-RELEASE-05-27-25.pdf
"Cory Booker",7.00,"McLaughlin & Associates",1,NULL,439,"Likely Voters",2025-05-21,https://mclaughlinonline.com/pols/wp-content/uploads/2025/05/National-May-Presentation-RELEASE-05-27-25.pdf
"J.B. Pritzker",2.00,"McLaughlin & Associates",1,NULL,439,"Likely Voters",2025-05-21,https://mclaughlinonline.com/pols/wp-content/uploads/2025/05/National-May-Presentation-RELEASE-05-27-25.pdf
"Jasmine Crockett",2.00,"McLaughlin & Associates",1,NULL,439,"Likely Voters",2025-05-21,https://mclaughlinonline.com/pols/wp-content/uploads/2025/05/National-May-Presentation-RELEASE-05-27-25.pdf
"Kamala Harris",16.60,"Atlas Intel",1,NULL,930,NULL,2025-05-22,https://cdn.atlasintel.org/20c89f8f-d65e-4991-a491-388ae96986c9.pdf
"Cory Booker",10.40,"Atlas Intel",1,NULL,930,NULL,2025-05-22,https://cdn.atlasintel.org/20c89f8f-d65e-4991-a491-388ae96986c9.pdf
"Pete Buttigieg",31.50,"Atlas Intel",1,NULL,930,NULL,2025-05-22,https://cdn.atlasintel.org/20c89f8f-d65e-4991-a491-388ae96986c9.pdf
"Gavin Newsom",7.10,"Atlas Intel",1,NULL,930,NULL,2025-05-22,https://cdn.atlasintel.org/20c89f8f-d65e-4991-a491-388ae96986c9.pdf
"Alexandria Ocasio-Cortez",19.40,"Atlas Intel",1,NULL,930,NULL,2025-05-22,https://cdn.atlasintel.org/20c89f8f-d65e-4991-a491-388ae96986c9.pdf
"Gretchen Whitmer",3.70,"Atlas Intel",1,NULL,930,NULL,2025-05-22,https://cdn.atlasintel.org/20c89f8f-d65e-4991-a491-388ae96986c9.pdf
"Josh Shapiro",4.80,"Atlas Intel",1,NULL,930,NULL,2025-05-22,https://cdn.atlasintel.org/20c89f8f-d65e-4991-a491-388ae96986c9.pdf
"Raphael Warnock",1.40,"Atlas Intel",1,NULL,930,NULL,2025-05-22,https://cdn.atlasintel.org/20c89f8f-d65e-4991-a491-388ae96986c9.pdf
"Kamala Harris",16.60,"Atlas Intel",1,NULL,930,NULL,2025-05-22,https://cdn.atlasintel.org/20c89f8f-d65e-4991-a491-388ae96986c9.pdf
"Cory Booker",10.40,"Atlas Intel",1,NULL,930,NULL,2025-05-22,https://cdn.atlasintel.org/20c89f8f-d65e-4991-a491-388ae96986c9.pdf
"Pete Buttigieg",31.50,"Atlas Intel",1,NULL,930,NULL,2025-05-22,https://cdn.atlasintel.org/20c89f8f-d65e-4991-a491-388ae96986c9.pdf
"Gavin Newsom",7.10,"Atlas Intel",1,NULL,930,NULL,2025-05-22,https://cdn.atlasintel.org/20c89f8f-d65e-4991-a491-388ae96986c9.pdf
"Alexandria Ocasio-Cortez",19.40,"Atlas Intel",1,NULL,930,NULL,2025-05-22,https://cdn.atlasintel.org/20c89f8f-d65e-4991-a491-388ae96986c9.pdf
"Gretchen Whitmer",3.70,"Atlas Intel",1,NULL,930,NULL,2025-05-22,https://cdn.atlasintel.org/20c89f8f-d65e-4991-a491-388ae96986c9.pdf
"Josh Shapiro",4.80,"Atlas Intel",1,NULL,930,NULL,2025-05-22,https://cdn.atlasintel.org/20c89f8f-d65e-4991-a491-388ae96986c9.pdf
"Raphael Warnock",1.40,"Atlas Intel",1,NULL,930,NULL,2025-05-22,https://cdn.atlasintel.org/20c89f8f-d65e-4991-a491-388ae96986c9.pdf
"Kamala Harris",15.30,"Capitol Weekly",NULL,California,1122,NULL,2025-05-30,https://capitolweekly.net/for-california-dems-will-the-past-be-prologue/
"Gavin Newsom",17.20,"Capitol Weekly",NULL,California,1122,NULL,2025-05-30,https://capitolweekly.net/for-california-dems-will-the-past-be-prologue/
"Pete Buttigieg",7.70,"Capitol Weekly",NULL,California,1122,NULL,2025-05-30,https://capitolweekly.net/for-california-dems-will-the-past-be-prologue/
"Gretchen Whitmer",5.50,"Capitol Weekly",NULL,California,1122,NULL,2025-05-30,https://capitolweekly.net/for-california-dems-will-the-past-be-prologue/
"Alexandria Ocasio-Cortez",9.90,"Capitol Weekly",NULL,California,1122,NULL,2025-05-30,https://capitolweekly.net/for-california-dems-will-the-past-be-prologue/
"Josh Shapiro",6.30,"Capitol Weekly",NULL,California,1122,NULL,2025-05-30,https://capitolweekly.net/for-california-dems-will-the-past-be-prologue/
"Pete Buttigieg",10.00,YouGov/Economist,1,NULL,650,"Registered Voters",2025-03-30,https://d3nkl3psvxxpe9.cloudfront.net/documents/econtoplines_S1a74K0.pdf
"Kamala Harris",25.00,YouGov/Economist,1,NULL,650,"Registered Voters",2025-03-30,https://d3nkl3psvxxpe9.cloudfront.net/documents/econtoplines_S1a74K0.pdf
"Gavin Newsom",7.00,YouGov/Economist,1,NULL,650,"Registered Voters",2025-03-30,https://d3nkl3psvxxpe9.cloudfront.net/documents/econtoplines_S1a74K0.pdf
"Alexandria Ocasio-Cortez",8.00,YouGov/Economist,1,NULL,650,"Registered Voters",2025-03-30,https://d3nkl3psvxxpe9.cloudfront.net/documents/econtoplines_S1a74K0.pdf
"Tim Walz",4.00,YouGov/Economist,1,NULL,650,"Registered Voters",2025-03-30,https://d3nkl3psvxxpe9.cloudfront.net/documents/econtoplines_S1a74K0.pdf
"Mark Kelly",4.00,YouGov/Economist,1,NULL,650,"Registered Voters",2025-03-30,https://d3nkl3psvxxpe9.cloudfront.net/documents/econtoplines_S1a74K0.pdf
"Gretchen Whitmer",2.00,YouGov/Economist,1,NULL,650,"Registered Voters",2025-03-30,https://d3nkl3psvxxpe9.cloudfront.net/documents/econtoplines_S1a74K0.pdf
"Cory Booker",1.00,YouGov/Economist,1,NULL,650,"Registered Voters",2025-03-30,https://d3nkl3psvxxpe9.cloudfront.net/documents/econtoplines_S1a74K0.pdf
"Pete Buttigieg",23.00,"Victory Insights",NULL,Florida,600,NULL,2025-06-07,https://floridapolitics.com/archives/742956-excluding-undecideds-pete-buttigieg-leads-in-florida-dems-2028-poll/
"Alexandria Ocasio-Cortez",14.00,"Victory Insights",NULL,Florida,600,NULL,2025-06-07,https://floridapolitics.com/archives/742956-excluding-undecideds-pete-buttigieg-leads-in-florida-dems-2028-poll/
"Cory Booker",12.00,"Victory Insights",NULL,Florida,600,NULL,2025-06-07,https://floridapolitics.com/archives/742956-excluding-undecideds-pete-buttigieg-leads-in-florida-dems-2028-poll/
"Gavin Newsom",12.00,"Victory Insights",NULL,Florida,600,NULL,2025-06-07,https://floridapolitics.com/archives/742956-excluding-undecideds-pete-buttigieg-leads-in-florida-dems-2028-poll/
"Andy Beshear",5.00,"Victory Insights",NULL,Florida,600,NULL,2025-06-07,https://floridapolitics.com/archives/742956-excluding-undecideds-pete-buttigieg-leads-in-florida-dems-2028-poll/
"Josh Shapiro",3.00,"Victory Insights",NULL,Florida,600,NULL,2025-06-07,https://floridapolitics.com/archives/742956-excluding-undecideds-pete-buttigieg-leads-in-florida-dems-2028-poll/
"Kamala Harris",34.00,"Morning Consult",1,NULL,1000,"Registered Voters",2025-06-13,https://pro.morningconsult.com/analysis/2028-democratic-primary-gavin-newsom-polling-june-2025
"Gavin Newsom",11.00,"Morning Consult",1,NULL,1000,"Registered Voters",2025-06-13,https://pro.morningconsult.com/analysis/2028-democratic-primary-gavin-newsom-polling-june-2025
"Josh Shapiro",2.00,"Morning Consult",1,NULL,1000,"Registered Voters",2025-06-13,https://pro.morningconsult.com/analysis/2028-democratic-primary-gavin-newsom-polling-june-2025
"Pete Buttigieg",7.00,"Morning Consult",1,NULL,1000,"Registered Voters",2025-06-13,https://pro.morningconsult.com/analysis/2028-democratic-primary-gavin-newsom-polling-june-2025
"Gretchen Whitmer",2.00,"Morning Consult",1,NULL,1000,"Registered Voters",2025-06-13,https://pro.morningconsult.com/analysis/2028-democratic-primary-gavin-newsom-polling-june-2025
"Tim Walz",4.00,"Morning Consult",1,NULL,1000,"Registered Voters",2025-06-13,https://pro.morningconsult.com/analysis/2028-democratic-primary-gavin-newsom-polling-june-2025
"Alexandria Ocasio-Cortez",7.00,"Morning Consult",1,NULL,1000,"Registered Voters",2025-06-13,https://pro.morningconsult.com/analysis/2028-democratic-primary-gavin-newsom-polling-june-2025
"Cory Booker",3.00,"Morning Consult",1,NULL,1000,"Registered Voters",2025-06-13,https://pro.morningconsult.com/analysis/2028-democratic-primary-gavin-newsom-polling-june-2025
"Amy Klobuchar",2.00,"Morning Consult",1,NULL,1000,"Registered Voters",2025-06-13,https://pro.morningconsult.com/analysis/2028-democratic-primary-gavin-newsom-polling-june-2025
"Andy Beshear",1.00,"Morning Consult",1,NULL,1000,"Registered Voters",2025-06-13,https://pro.morningconsult.com/analysis/2028-democratic-primary-gavin-newsom-polling-june-2025
"J.B. Pritzker",2.00,"Morning Consult",1,NULL,1000,"Registered Voters",2025-06-13,https://pro.morningconsult.com/analysis/2028-democratic-primary-gavin-newsom-polling-june-2025
"Kamala Harris",30.00,"McLaughlin & Associates",1,NULL,434,"Likely Voters",2025-06-10,https://mclaughlinonline.com/pols/wp-content/uploads/2025/06/National-June-Presentation-RELEASE-6-16-25.pdf
"Pete Buttigieg",10.00,"McLaughlin & Associates",1,NULL,434,"Likely Voters",2025-06-10,https://mclaughlinonline.com/pols/wp-content/uploads/2025/06/National-June-Presentation-RELEASE-6-16-25.pdf
"Gavin Newsom",8.00,"McLaughlin & Associates",1,NULL,434,"Likely Voters",2025-06-10,https://mclaughlinonline.com/pols/wp-content/uploads/2025/06/National-June-Presentation-RELEASE-6-16-25.pdf
"Alexandria Ocasio-Cortez",7.00,"McLaughlin & Associates",1,NULL,434,"Likely Voters",2025-06-10,https://mclaughlinonline.com/pols/wp-content/uploads/2025/06/National-June-Presentation-RELEASE-6-16-25.pdf
"Josh Shapiro",6.00,"McLaughlin & Associates",1,NULL,434,"Likely Voters",2025-06-10,https://mclaughlinonline.com/pols/wp-content/uploads/2025/06/National-June-Presentation-RELEASE-6-16-25.pdf
"Tim Walz",4.00,"McLaughlin & Associates",1,NULL,434,"Likely Voters",2025-06-10,https://mclaughlinonline.com/pols/wp-content/uploads/2025/06/National-June-Presentation-RELEASE-6-16-25.pdf
"Amy Klobuchar",2.00,"McLaughlin & Associates",1,NULL,434,"Likely Voters",2025-06-10,https://mclaughlinonline.com/pols/wp-content/uploads/2025/06/National-June-Presentation-RELEASE-6-16-25.pdf
"Gretchen Whitmer",3.00,"McLaughlin & Associates",1,NULL,434,"Likely Voters",2025-06-10,https://mclaughlinonline.com/pols/wp-content/uploads/2025/06/National-June-Presentation-RELEASE-6-16-25.pdf
"Roy Cooper",1.00,"McLaughlin & Associates",1,NULL,434,"Likely Voters",2025-06-10,https://mclaughlinonline.com/pols/wp-content/uploads/2025/06/National-June-Presentation-RELEASE-6-16-25.pdf
"Cory Booker",7.00,"McLaughlin & Associates",1,NULL,434,"Likely Voters",2025-06-10,https://mclaughlinonline.com/pols/wp-content/uploads/2025/06/National-June-Presentation-RELEASE-6-16-25.pdf
"J.B. Pritzker",1.00,"McLaughlin & Associates",1,NULL,434,"Likely Voters",2025-06-10,https://mclaughlinonline.com/pols/wp-content/uploads/2025/06/National-June-Presentation-RELEASE-6-16-25.pdf
"Rahm Emanuel",2.00,"McLaughlin & Associates",1,NULL,434,"Likely Voters",2025-06-10,https://mclaughlinonline.com/pols/wp-content/uploads/2025/06/National-June-Presentation-RELEASE-6-16-25.pdf
"Kamala Harris",26.00,co/efficient,1,NULL,1035,"Likely Voters",2025-06-12,https://coefficient.org/national-ice-protests-study/
"Gavin Newsom",21.00,co/efficient,1,NULL,1035,"Likely Voters",2025-06-12,https://coefficient.org/national-ice-protests-study/
"Pete Buttigieg",11.00,co/efficient,1,NULL,1035,"Likely Voters",2025-06-12,https://coefficient.org/national-ice-protests-study/
"Alexandria Ocasio-Cortez",14.00,co/efficient,1,NULL,1035,"Likely Voters",2025-06-12,https://coefficient.org/national-ice-protests-study/
"Tim Walz",10.00,co/efficient,1,NULL,1035,"Likely Voters",2025-06-12,https://coefficient.org/national-ice-protests-study/
"Josh Shapiro",3.00,co/efficient,1,NULL,1035,"Likely Voters",2025-06-12,https://coefficient.org/national-ice-protests-study/
"Kamala Harris",13.00,"Emerson College",1,NULL,404,"Registered Voters",2025-06-24,https://emersoncollegepolling.com/june-national-poll/
"Gavin Newsom",12.00,"Emerson College",1,NULL,404,"Registered Voters",2025-06-24,https://emersoncollegepolling.com/june-national-poll/
"Josh Shapiro",7.00,"Emerson College",1,NULL,404,"Registered Voters",2025-06-24,https://emersoncollegepolling.com/june-national-poll/
"Gretchen Whitmer",3.00,"Emerson College",1,NULL,404,"Registered Voters",2025-06-24,https://emersoncollegepolling.com/june-national-poll/
"Amy Klobuchar",1.00,"Emerson College",1,NULL,404,"Registered Voters",2025-06-24,https://emersoncollegepolling.com/june-national-poll/
"Rahm Emanuel",1.00,"Emerson College",1,NULL,404,"Registered Voters",2025-06-24,https://emersoncollegepolling.com/june-national-poll/
"Cory Booker",3.00,"Emerson College",1,NULL,404,"Registered Voters",2025-06-24,https://emersoncollegepolling.com/june-national-poll/
"Pete Buttigieg",16.00,"Emerson College",1,NULL,404,"Registered Voters",2025-06-24,https://emersoncollegepolling.com/june-national-poll/
"Andy Beshear",2.00,"Emerson College",1,NULL,404,"Registered Voters",2025-06-24,https://emersoncollegepolling.com/june-national-poll/
"Alexandra Ocasio-Cortez",7.00,"Emerson College",1,NULL,404,"Registered Voters",2025-06-24,https://emersoncollegepolling.com/june-national-poll/
"J.B. Pritzker",2.00,"Emerson College",1,NULL,404,"Registered Voters",2025-06-24,https://emersoncollegepolling.com/june-national-poll/
"Kamala Harris",32.00,"Echelon Insights",1,NULL,471,"Likely Voters",2025-05-08,https://echeloninsights.com/in-the-news/may-2025-verified-voter-omnibus-2-2-2-2-2/
"Gavin Newsom",5.00,"Echelon Insights",1,NULL,471,"Likely Voters",2025-05-08,https://echeloninsights.com/in-the-news/may-2025-verified-voter-omnibus-2-2-2-2-2/
"Josh Shapiro",2.00,"Echelon Insights",1,NULL,471,"Likely Voters",2025-05-08,https://echeloninsights.com/in-the-news/may-2025-verified-voter-omnibus-2-2-2-2-2/
"Pete Buttigieg",10.00,"Echelon Insights",1,NULL,471,"Likely Voters",2025-05-08,https://echeloninsights.com/in-the-news/may-2025-verified-voter-omnibus-2-2-2-2-2/
"Tim Walz",5.00,"Echelon Insights",1,NULL,471,"Likely Voters",2025-05-08,https://echeloninsights.com/in-the-news/may-2025-verified-voter-omnibus-2-2-2-2-2/
"Alexandria Ocasio-Cortez",8.00,"Echelon Insights",1,NULL,471,"Likely Voters",2025-05-08,https://echeloninsights.com/in-the-news/may-2025-verified-voter-omnibus-2-2-2-2-2/
"J.B. Pritzker",5.00,"Echelon Insights",1,NULL,471,"Likely Voters",2025-05-08,https://echeloninsights.com/in-the-news/may-2025-verified-voter-omnibus-2-2-2-2-2/
"Jasmine Crockett",3.00,"Echelon Insights",1,NULL,471,"Likely Voters",2025-05-08,https://echeloninsights.com/in-the-news/may-2025-verified-voter-omnibus-2-2-2-2-2/
"Gretchen Whitmer",2.00,"Echelon Insights",1,NULL,471,"Likely Voters",2025-05-08,https://echeloninsights.com/in-the-news/may-2025-verified-voter-omnibus-2-2-2-2-2/
"Andy Beshear",1.00,"Echelon Insights",1,NULL,471,"Likely Voters",2025-05-08,https://echeloninsights.com/in-the-news/may-2025-verified-voter-omnibus-2-2-2-2-2/
"Cory Booker",6.00,"Echelon Insights",1,NULL,471,"Likely Voters",2025-05-08,https://echeloninsights.com/in-the-news/may-2025-verified-voter-omnibus-2-2-2-2-2/
"Raphael Warnock",1.00,"Echelon Insights",1,NULL,471,"Likely Voters",2025-05-08,https://echeloninsights.com/in-the-news/may-2025-verified-voter-omnibus-2-2-2-2-2/
"Alexandria Ocasio-Cortez",2.00,"Emerson College",1,NULL,400,"Registered Voters",2024-11-20,https://emersoncollegepolling.com/november-2024-national-poll-trump-favorability-jumps-post-election-2028-election-kicks-off-with-harris-and-vance-leading-primaries/
"Alexandria Ocasio-Cortez",7.00,"YouGov/The Times",1,NULL,1296,NULL,2025-04-22,https://d3nkl3psvxxpe9.cloudfront.net/documents/times_20250425.pdf
"Alexandria Ocasio-Cortez",7.00,"Emerson College",1,NULL,404,"Registered Voters",2025-06-24,https://emersoncollegepolling.com/june-national-poll/
"Gretchen Whitmer",3.00,"McLaughlin & Associates",1,NULL,428,"Likely Voters",2024-12-11,https://mclaughlinonline.com/pols/wp-content/uploads/2024/12/National-December-Presentation-RELEASE-12-17-24.pdf
"Kamala Harris",38.00,"Overton Insights",1,NULL,396,"Registered Voters",2025-06-23,https://overtoninsights.com/wp-content/uploads/2025/07/July-2025-Poll.pdf
"Gavin Newsom",10.00,"Overton Insights",1,NULL,396,"Registered Voters",2025-06-23,https://overtoninsights.com/wp-content/uploads/2025/07/July-2025-Poll.pdf
"Josh Shapiro",7.00,"Overton Insights",1,NULL,396,"Registered Voters",2025-06-23,https://overtoninsights.com/wp-content/uploads/2025/07/July-2025-Poll.pdf
"Gretchen Whitmer",5.00,"Overton Insights",1,NULL,396,"Registered Voters",2025-06-23,https://overtoninsights.com/wp-content/uploads/2025/07/July-2025-Poll.pdf
"Cory Booker",4.00,"Overton Insights",1,NULL,396,"Registered Voters",2025-06-23,https://overtoninsights.com/wp-content/uploads/2025/07/July-2025-Poll.pdf
"Pete Buttigieg",11.00,"Overton Insights",1,NULL,396,"Registered Voters",2025-06-23,https://overtoninsights.com/wp-content/uploads/2025/07/July-2025-Poll.pdf
"Tim Walz",7.00,"Overton Insights",1,NULL,396,"Registered Voters",2025-06-23,https://overtoninsights.com/wp-content/uploads/2025/07/July-2025-Poll.pdf
"Alexandria Ocasio-Cortez",7.00,"Overton Insights",1,NULL,396,"Registered Voters",2025-06-23,https://overtoninsights.com/wp-content/uploads/2025/07/July-2025-Poll.pdf
"Kamala Harris",22.00,"Rasmussen Reports",1,NULL,1229,"Likely Voters",2025-06-25,https://www.rasmussenreports.com/public_content/politics/trump_administration_second_term/harris_2028_former_vp_still_leads_democratic_field
"Gavin Newsom",12.00,"Rasmussen Reports",1,NULL,1229,"Likely Voters",2025-06-25,https://www.rasmussenreports.com/public_content/politics/trump_administration_second_term/harris_2028_former_vp_still_leads_democratic_field
"Josh Shapiro",12.00,"Rasmussen Reports",1,NULL,1229,"Likely Voters",2025-06-25,https://www.rasmussenreports.com/public_content/politics/trump_administration_second_term/harris_2028_former_vp_still_leads_democratic_field
"Cory Booker",6.00,"Rasmussen Reports",1,NULL,1229,"Likely Voters",2025-06-25,https://www.rasmussenreports.com/public_content/politics/trump_administration_second_term/harris_2028_former_vp_still_leads_democratic_field
"Pete Buttigieg",8.00,"Rasmussen Reports",1,NULL,1229,"Likely Voters",2025-06-25,https://www.rasmussenreports.com/public_content/politics/trump_administration_second_term/harris_2028_former_vp_still_leads_democratic_field
"Tim Walz",5.00,"Rasmussen Reports",1,NULL,1229,"Likely Voters",2025-06-25,https://www.rasmussenreports.com/public_content/politics/trump_administration_second_term/harris_2028_former_vp_still_leads_democratic_field
"Alexandria Ocasio-Cortez",6.00,"Rasmussen Reports",1,NULL,1229,"Likely Voters",2025-06-25,https://www.rasmussenreports.com/public_content/politics/trump_administration_second_term/harris_2028_former_vp_still_leads_democratic_field
"Kamala Harris",26.00,"Echelon Insights",1,NULL,505,"Likely Voters",2025-07-10,https://echeloninsights.com/in-the-news/july-2025-verified-voter-omnibus-2-2-2-2-2-2-2/
"Gavin Newsom",10.00,"Echelon Insights",1,NULL,505,"Likely Voters",2025-07-10,https://echeloninsights.com/in-the-news/july-2025-verified-voter-omnibus-2-2-2-2-2-2-2/
"Josh Shapiro",4.00,"Echelon Insights",1,NULL,505,"Likely Voters",2025-07-10,https://echeloninsights.com/in-the-news/july-2025-verified-voter-omnibus-2-2-2-2-2-2-2/
"Pete Buttigieg",11.00,"Echelon Insights",1,NULL,505,"Likely Voters",2025-07-10,https://echeloninsights.com/in-the-news/july-2025-verified-voter-omnibus-2-2-2-2-2-2-2/
"Tim Walz",3.00,"Echelon Insights",1,NULL,505,"Likely Voters",2025-07-10,https://echeloninsights.com/in-the-news/july-2025-verified-voter-omnibus-2-2-2-2-2-2-2/
"Alexandria Ocasio-Cortez",6.00,"Echelon Insights",1,NULL,505,"Likely Voters",2025-07-10,https://echeloninsights.com/in-the-news/july-2025-verified-voter-omnibus-2-2-2-2-2-2-2/
"J.B. Pritzker",2.00,"Echelon Insights",1,NULL,505,"Likely Voters",2025-07-10,https://echeloninsights.com/in-the-news/july-2025-verified-voter-omnibus-2-2-2-2-2-2-2/
"Jasmine Crockett",1.00,"Echelon Insights",1,NULL,505,"Likely Voters",2025-07-10,https://echeloninsights.com/in-the-news/july-2025-verified-voter-omnibus-2-2-2-2-2-2-2/
"Gretchen Whitmer",3.00,"Echelon Insights",1,NULL,505,"Likely Voters",2025-07-10,https://echeloninsights.com/in-the-news/july-2025-verified-voter-omnibus-2-2-2-2-2-2-2/
"Andy Beshear",2.00,"Echelon Insights",1,NULL,505,"Likely Voters",2025-07-10,https://echeloninsights.com/in-the-news/july-2025-verified-voter-omnibus-2-2-2-2-2-2-2/
"Cory Booker",7.00,"Echelon Insights",1,NULL,505,"Likely Voters",2025-07-10,https://echeloninsights.com/in-the-news/july-2025-verified-voter-omnibus-2-2-2-2-2-2-2/
"Chris Murphy",2.00,"Echelon Insights",1,NULL,505,"Likely Voters",2025-07-10,https://echeloninsights.com/in-the-news/july-2025-verified-voter-omnibus-2-2-2-2-2-2-2/
"Raphael Warnock",1.00,"Echelon Insights",1,NULL,505,"Likely Voters",2025-07-10,https://echeloninsights.com/in-the-news/july-2025-verified-voter-omnibus-2-2-2-2-2-2-2/
"Kamala Harris",25.00,"McLaughlin & Associates",1,NULL,444,"Likely Voters",2025-07-09,https://mclaughlinonline.com/pols/wp-content/uploads/2025/07/National-July-Presentation-RELEASE-07-15-25.pdf
"Pete Buttigieg",8.00,"McLaughlin & Associates",1,NULL,444,"Likely Voters",2025-07-09,https://mclaughlinonline.com/pols/wp-content/uploads/2025/07/National-July-Presentation-RELEASE-07-15-25.pdf
"Gavin Newsom",9.00,"McLaughlin & Associates",1,NULL,444,"Likely Voters",2025-07-09,https://mclaughlinonline.com/pols/wp-content/uploads/2025/07/National-July-Presentation-RELEASE-07-15-25.pdf
"Alexandria Ocasio-Cortez",9.00,"McLaughlin & Associates",1,NULL,444,"Likely Voters",2025-07-09,https://mclaughlinonline.com/pols/wp-content/uploads/2025/07/National-July-Presentation-RELEASE-07-15-25.pdf
"Josh Shapiro",4.00,"McLaughlin & Associates",1,NULL,444,"Likely Voters",2025-07-09,https://mclaughlinonline.com/pols/wp-content/uploads/2025/07/National-July-Presentation-RELEASE-07-15-25.pdf
"Tim Walz",4.00,"McLaughlin & Associates",1,NULL,444,"Likely Voters",2025-07-09,https://mclaughlinonline.com/pols/wp-content/uploads/2025/07/National-July-Presentation-RELEASE-07-15-25.pdf
"Amy Klobuchar",3.00,"McLaughlin & Associates",1,NULL,444,"Likely Voters",2025-07-09,https://mclaughlinonline.com/pols/wp-content/uploads/2025/07/National-July-Presentation-RELEASE-07-15-25.pdf
"Gretchen Whitmer",4.00,"McLaughlin & Associates",1,NULL,444,"Likely Voters",2025-07-09,https://mclaughlinonline.com/pols/wp-content/uploads/2025/07/National-July-Presentation-RELEASE-07-15-25.pdf
"Roy Cooper",2.00,"McLaughlin & Associates",1,NULL,444,"Likely Voters",2025-07-09,https://mclaughlinonline.com/pols/wp-content/uploads/2025/07/National-July-Presentation-RELEASE-07-15-25.pdf
"J.B. Pritzker",2.00,"McLaughlin & Associates",1,NULL,444,"Likely Voters",2025-07-09,https://mclaughlinonline.com/pols/wp-content/uploads/2025/07/National-July-Presentation-RELEASE-07-15-25.pdf
"Jasmine Crockett",2.00,"McLaughlin & Associates",1,NULL,444,"Likely Voters",2025-07-09,https://mclaughlinonline.com/pols/wp-content/uploads/2025/07/National-July-Presentation-RELEASE-07-15-25.pdf
"Rahm Emanuel",1.00,"McLaughlin & Associates",1,NULL,444,"Likely Voters",2025-07-09,https://mclaughlinonline.com/pols/wp-content/uploads/2025/07/National-July-Presentation-RELEASE-07-15-25.pdf
"Kamala Harris",14.50,"Atlas Intel",1,NULL,1935,NULL,2025-07-13,https://atlasintel.org/poll/usa-national-2025-07-18
"Cory Booker",4.10,"Atlas Intel",1,NULL,1935,NULL,2025-07-13,https://atlasintel.org/poll/usa-national-2025-07-18
"Pete Buttigieg",26.70,"Atlas Intel",1,NULL,1935,NULL,2025-07-13,https://atlasintel.org/poll/usa-national-2025-07-18
"Gavin Newsom",15.80,"Atlas Intel",1,NULL,1935,NULL,2025-07-13,https://atlasintel.org/poll/usa-national-2025-07-18
"Alexandria Ocasio-Cortez",18.50,"Atlas Intel",1,NULL,1935,NULL,2025-07-13,https://atlasintel.org/poll/usa-national-2025-07-18
"Gretchen Whitmer",1.40,"Atlas Intel",1,NULL,1935,NULL,2025-07-13,https://atlasintel.org/poll/usa-national-2025-07-18
"Josh Shapiro",3.20,"Atlas Intel",1,NULL,1935,NULL,2025-07-13,https://atlasintel.org/poll/usa-national-2025-07-18
"Tim Walz",8.70,"Atlas Intel",1,NULL,1935,NULL,2025-07-13,https://atlasintel.org/poll/usa-national-2025-07-18
"Rahm Emanuel",0.30,"Atlas Intel",1,NULL,1935,NULL,2025-07-13,https://atlasintel.org/poll/usa-national-2025-07-18
"Raphael Warnock",0.50,"Atlas Intel",1,NULL,1935,NULL,2025-07-13,https://atlasintel.org/poll/usa-national-2025-07-18
"Kamala Harris",12.00,"Emerson College",NULL,"North Carolina",445,"Likely Voters",2025-07-28,https://emersoncollegepolling.com/north-carolina-2026-poll-cooper-starts-us-senate-race-with-six-point-lead-and-clear-name-recognition-advantage-over-whatley/
"Gavin Newsom",10.20,"Emerson College",NULL,"North Carolina",445,"Likely Voters",2025-07-28,https://emersoncollegepolling.com/north-carolina-2026-poll-cooper-starts-us-senate-race-with-six-point-lead-and-clear-name-recognition-advantage-over-whatley/
"Josh Shapiro",3.20,"Emerson College",NULL,"North Carolina",445,"Likely Voters",2025-07-28,https://emersoncollegepolling.com/north-carolina-2026-poll-cooper-starts-us-senate-race-with-six-point-lead-and-clear-name-recognition-advantage-over-whatley/
"Gretchen Whitmer",3.20,"Emerson College",NULL,"North Carolina",445,"Likely Voters",2025-07-28,https://emersoncollegepolling.com/north-carolina-2026-poll-cooper-starts-us-senate-race-with-six-point-lead-and-clear-name-recognition-advantage-over-whatley/
"Amy Klobuchar",1.00,"Emerson College",NULL,"North Carolina",445,"Likely Voters",2025-07-28,https://emersoncollegepolling.com/north-carolina-2026-poll-cooper-starts-us-senate-race-with-six-point-lead-and-clear-name-recognition-advantage-over-whatley/
"Rahm Emanuel",0.30,"Emerson College",NULL,"North Carolina",445,"Likely Voters",2025-07-28,https://emersoncollegepolling.com/north-carolina-2026-poll-cooper-starts-us-senate-race-with-six-point-lead-and-clear-name-recognition-advantage-over-whatley/
"Cory Booker",5.20,"Emerson College",NULL,"North Carolina",445,"Likely Voters",2025-07-28,https://emersoncollegepolling.com/north-carolina-2026-poll-cooper-starts-us-senate-race-with-six-point-lead-and-clear-name-recognition-advantage-over-whatley/
"Pete Buttigieg",16.80,"Emerson College",NULL,"North Carolina",445,"Likely Voters",2025-07-28,https://emersoncollegepolling.com/north-carolina-2026-poll-cooper-starts-us-senate-race-with-six-point-lead-and-clear-name-recognition-advantage-over-whatley/
"Tim Walz",3.30,"Emerson College",NULL,"North Carolina",445,"Likely Voters",2025-07-28,https://emersoncollegepolling.com/north-carolina-2026-poll-cooper-starts-us-senate-race-with-six-point-lead-and-clear-name-recognition-advantage-over-whatley/
"Andy Beshear",3.70,"Emerson College",NULL,"North Carolina",445,"Likely Voters",2025-07-28,https://emersoncollegepolling.com/north-carolina-2026-poll-cooper-starts-us-senate-race-with-six-point-lead-and-clear-name-recognition-advantage-over-whatley/
"Alexandria Ocasio-Cortez",4.10,"Emerson College",NULL,"North Carolina",445,"Likely Voters",2025-07-28,https://emersoncollegepolling.com/north-carolina-2026-poll-cooper-starts-us-senate-race-with-six-point-lead-and-clear-name-recognition-advantage-over-whatley/
"J.B. Pritzker",2.70,"Emerson College",NULL,"North Carolina",445,"Likely Voters",2025-07-28,https://emersoncollegepolling.com/north-carolina-2026-poll-cooper-starts-us-senate-race-with-six-point-lead-and-clear-name-recognition-advantage-over-whatley/
